Replication #,Throughput,Workstation 1 Busy %,Workstation 2 Busy %,Workstation 3 Busy %,Inspector 1 Blocked %,Inspector 2 Blocked %,Buffer 1 Occupancy Average,Buffer 2 Occupancy Average,Buffer 3 Occupancy Average,Buffer 4 Occupancy Average,Buffer 5 Occupancy Average
1,0.09716666666666667,42.15632494539103,2.4895638826548785,3.061577241264225,0.0,82.37581497847209,0.2047520930260086,0.9502784775946838,0.026128968992031938,0.7869540489109974,1.972590182295285
